image,landmark_1_x,landmark_1_y,landmark_2_x,landmark_2_y,landmark_3_x,landmark_3_y,landmark_4_x,landmark_4_y,landmark_5_x,landmark_5_y,landmark_6_x,landmark_6_y,landmark_7_x,landmark_7_y,landmark_8_x,landmark_8_y,landmark_9_x,landmark_9_y,landmark_10_x,landmark_10_y,landmark_11_x,landmark_11_y,landmark_12_x,landmark_12_y,landmark_13_x,landmark_13_y,landmark_14_x,landmark_14_y,landmark_15_x,landmark_15_y,landmark_16_x,landmark_16_y,landmark_17_x,landmark_17_y,landmark_18_x,landmark_18_y,landmark_19_x,landmark_19_y,landmark_20_x,landmark_20_y,landmark_21_x,landmark_21_y,label
hand2_a_dif_seg_5_cropped.jpeg,192,306,270,272,320,175,316,87,317,22,265,116,259,43,260,104,261,150,205,115,200,46,209,124,216,167,151,126,140,63,158,139,170,177,101,149,93,98,111,147,124,177,a
hand2_a_dif_seg_2_cropped.jpeg,171,315,257,279,303,178,300,89,304,24,258,115,247,46,239,98,243,145,199,119,189,49,189,124,202,169,145,132,133,71,142,143,159,182,91,155,83,105,97,149,116,175,a
hand1_a_bot_seg_3_cropped.jpeg,219,356,278,308,293,215,275,138,263,81,223,142,203,83,215,140,226,169,170,159,143,102,175,182,188,195,126,187,111,153,144,221,155,226,89,221,79,197,109,242,122,247,a
hand5_a_bot_seg_4_cropped.jpeg,182,290,258,256,310,168,317,91,301,30,249,101,255,39,266,86,268,135,200,109,205,39,226,105,234,157,151,125,159,64,184,134,192,182,102,149,122,95,147,146,152,185,a
hand5_a_bot_seg_3_cropped.jpeg,204,277,278,254,309,153,298,74,290,18,244,96,257,42,279,99,278,147,199,106,219,48,247,122,247,167,157,120,186,67,215,146,212,191,114,141,157,97,180,153,176,190,a
hand1_a_top_seg_5_cropped.jpeg,251,234,216,204,194,165,179,130,178,103,176,147,148,124,170,171,182,189,193,150,166,108,189,159,195,163,210,156,187,105,198,156,204,167,222,164,205,131,207,160,211,165,a
hand1_a_top_seg_2_cropped.jpeg,199,313,280,288,324,179,307,87,301,29,262,121,265,59,269,132,263,158,204,132,211,70,226,157,220,178,152,154,154,102,181,182,175,203,100,179,111,141,137,198,131,213,a
hand2_a_dif_seg_3_cropped.jpeg,197,312,274,267,317,172,307,86,302,22,258,118,248,44,255,100,260,146,199,120,190,49,205,125,216,168,146,134,132,69,156,143,171,181,95,160,87,107,110,154,126,183,a
hand2_a_dif_seg_4_cropped.jpeg,194,310,272,270,320,174,315,87,312,23,261,117,256,41,260,102,261,149,202,117,198,45,210,123,217,165,148,129,138,62,158,137,173,174,96,152,90,100,111,148,126,178,a
hand5_a_bot_seg_2_cropped.jpeg,261,284,288,242,296,160,292,85,283,31,224,131,208,54,225,101,235,148,176,143,164,59,191,125,205,178,134,158,123,79,157,140,176,192,102,179,85,114,102,151,118,195,a
hand5_a_bot_seg_5_cropped.jpeg,233,136,185,163,134,166,103,161,84,154,109,75,95,89,108,139,121,176,152,48,145,87,155,146,161,178,199,44,195,79,199,138,201,171,241,53,244,82,242,129,240,159,a
hand1_a_top_seg_3_cropped.jpeg,197,313,277,288,324,180,310,87,302,29,259,120,259,59,265,131,260,163,200,130,207,67,222,156,218,187,151,151,152,101,179,183,176,209,98,176,104,139,130,195,130,211,a
hand1_a_top_seg_4_cropped.jpeg,195,310,276,286,323,184,309,92,297,32,262,122,261,63,263,130,261,165,206,130,205,72,218,157,218,189,154,150,149,100,172,180,176,209,102,175,102,139,126,194,130,212,a
hand1_a_bot_seg_2_cropped.jpeg,224,155,191,165,159,151,148,139,158,131,149,97,129,104,140,161,153,200,182,78,164,75,179,146,190,185,219,71,215,57,222,122,229,163,260,67,264,31,266,33,266,26,a
hand1_a_right_seg_1_cropped.jpeg,194,312,271,276,319,187,310,100,300,38,261,127,268,72,272,136,264,166,200,136,212,86,225,172,219,196,146,160,152,113,174,195,168,216,93,193,100,155,125,214,123,229,a
hand1_a_bot_seg_5_cropped.jpeg,197,340,283,299,311,189,295,99,270,45,260,142,227,82,238,144,253,165,196,160,176,108,197,181,208,194,147,190,130,145,158,211,168,225,107,216,97,187,115,226,123,236,a
hand3_a_dif_seg_4_cropped.jpeg,229,285,304,258,328,155,303,72,294,19,256,104,244,51,260,114,261,139,201,120,200,64,226,138,225,160,161,144,159,95,190,162,190,181,124,168,124,132,146,178,148,192,a
hand1_a_left_seg_3_cropped.jpeg,209,245,276,210,306,146,303,76,292,29,258,92,246,28,229,82,225,129,201,92,181,28,176,101,189,147,155,105,132,60,139,131,154,169,120,129,96,102,102,149,116,178,a
hand1_a_left_seg_4_cropped.jpeg,162,293,245,248,300,164,302,83,288,28,251,103,242,38,229,92,231,134,196,105,183,38,181,115,194,150,147,120,132,68,140,144,157,175,104,150,93,104,106,158,121,183,a
hand4_a_bot_seg_5_cropped.jpeg,313,300,281,229,205,203,136,203,77,205,195,274,122,253,83,219,68,192,186,323,101,297,70,253,62,220,182,357,94,329,68,279,64,239,180,376,106,356,76,314,68,280,a
hand2_a_top_seg_1_cropped.jpeg,212,272,261,218,293,147,305,89,312,45,289,148,297,95,295,61,290,40,266,148,274,97,271,77,268,68,243,151,250,105,250,90,252,86,224,158,233,114,238,94,243,80,a
hand3_a_dif_seg_2_cropped.jpeg,209,321,293,277,331,172,318,86,314,29,250,112,253,55,261,126,253,149,193,125,200,70,221,154,211,167,141,148,147,104,177,181,168,191,90,177,104,135,130,187,123,202,a
hand3_a_dif_seg_5_cropped.jpeg,231,292,305,249,323,150,295,75,285,24,241,105,237,46,259,101,258,134,192,119,192,56,224,126,217,155,146,140,148,82,186,149,180,176,98,170,110,115,142,157,140,181,a
hand1_a_dif_seg_1_cropped.jpeg,262,239,197,224,137,238,101,239,78,229,133,346,106,316,111,282,123,262,173,372,146,358,146,333,157,319,213,382,180,381,175,360,180,347,247,381,215,384,206,363,207,351,a
hand1_a_left_seg_5_cropped.jpeg,214,227,274,193,298,132,291,68,280,22,253,79,238,23,230,84,233,127,195,86,178,29,180,106,193,144,148,105,127,63,140,135,155,166,116,132,92,108,102,158,115,182,a
hand1_a_left_seg_2_cropped.jpeg,159,269,244,209,289,148,290,73,288,20,248,82,244,29,239,84,243,122,190,87,184,27,191,114,199,150,138,105,133,55,145,138,157,169,96,141,89,97,105,156,116,181,a
hand5_a_dif_seg_1_cropped.jpeg,194,277,260,237,300,157,295,77,273,25,253,106,241,48,243,97,247,127,205,109,194,58,205,121,210,140,158,116,146,63,165,124,172,150,109,129,96,77,119,112,135,137,a
hand2_a_top_seg_4_cropped.jpeg,199,286,275,251,313,165,318,89,318,36,283,144,285,77,283,78,280,96,233,141,236,84,236,108,236,135,186,147,184,97,189,129,192,160,141,159,138,114,144,138,151,165,a
hand2_a_top_seg_3_cropped.jpeg,205,283,279,247,314,162,315,86,312,32,278,133,275,62,275,73,274,102,228,132,227,70,230,102,231,135,180,140,174,87,184,127,191,162,136,156,130,111,139,140,150,168,a
hand5_a_dif_seg_3_cropped.jpeg,208,278,276,234,301,145,293,68,276,22,244,103,239,43,254,97,255,124,199,107,197,55,220,122,215,140,156,115,153,57,180,121,178,147,110,129,110,72,139,112,146,140,a
hand2_a_bot_seg_3_cropped.jpeg,313,117,303,138,300,157,301,169,303,178,322,171,311,183,301,176,298,166,326,169,310,181,301,172,299,162,327,165,310,175,303,166,301,157,327,159,312,167,305,161,304,153,a
hand3_a_dif_seg_1_cropped.jpeg,267,189,271,177,270,140,271,93,289,52,234,92,213,68,221,131,226,167,225,82,205,54,215,129,213,156,224,80,215,52,219,119,218,147,231,81,221,55,222,90,221,105,a
hand2_a_top_seg_2_cropped.jpeg,182,290,253,258,304,166,308,82,313,19,259,113,253,37,249,86,253,130,200,112,193,45,198,117,210,158,148,122,137,66,151,139,166,176,98,142,90,98,104,145,121,173,a
hand2_a_top_seg_5_cropped.jpeg,190,283,224,216,258,147,279,96,292,56,264,146,287,94,291,67,288,47,263,150,283,105,281,86,275,76,264,158,279,110,278,89,277,77,266,168,285,119,290,86,292,60,a
hand5_a_dif_seg_2_cropped.jpeg,190,287,253,239,292,162,298,82,270,27,250,103,239,49,236,100,237,127,202,106,193,58,198,124,201,136,154,114,147,66,157,125,162,143,105,125,99,82,113,116,123,136,a
hand5_a_dif_seg_5_cropped.jpeg,185,251,251,229,286,160,283,85,280,28,262,100,248,53,229,92,228,119,207,91,194,50,186,123,189,138,154,92,144,46,142,114,147,134,105,101,92,58,97,103,111,124,a
hand1_a_left_seg_1_cropped.jpeg,180,279,260,264,314,171,306,79,300,23,261,102,248,44,250,105,256,137,206,106,194,50,207,130,214,156,155,122,142,76,161,153,170,177,104,144,95,113,116,169,124,186,a
hand2_a_dif_seg_1_cropped.jpeg,191,312,271,272,315,172,304,84,300,20,257,115,243,43,246,98,252,145,198,121,185,49,198,125,211,170,143,136,127,71,149,145,166,185,89,161,79,110,104,155,123,183,a
hand1_a_top_seg_1_cropped.jpeg,234,277,296,239,315,160,304,83,295,27,255,104,255,52,268,127,265,162,201,116,202,71,225,162,217,176,151,139,153,97,180,179,172,197,108,168,107,138,133,195,128,215,a
hand1_a_bot_seg_1_cropped.jpeg,195,327,272,297,309,184,288,90,270,30,239,124,219,63,224,126,234,170,183,141,157,85,180,164,200,199,137,165,114,128,145,196,171,222,94,194,80,171,108,219,129,235,a
hand1_a_right_seg_2_cropped.jpeg,187,311,257,285,313,195,314,106,313,45,263,142,268,89,268,133,259,148,199,145,216,87,226,168,222,194,146,166,153,115,177,194,174,220,94,194,101,153,127,207,132,224,a
hand5_a_bot_seg_1_cropped.jpeg,192,181,251,152,284,98,288,55,281,16,232,66,239,42,244,96,250,143,183,82,190,50,204,112,217,160,137,101,147,66,165,127,176,175,99,125,107,97,125,141,135,183,a
hand1_c_right_seg_4_cropped.jpeg,94,196,158,141,181,93,200,59,221,36,133,13,208,12,248,18,278,24,125,22,208,14,250,19,284,29,125,45,202,34,247,36,282,40,134,77,191,66,228,63,258,61,c
hand1_c_right_seg_3_cropped.jpeg,113,212,157,148,177,104,207,79,235,62,103,53,154,14,214,15,257,19,91,76,136,23,208,20,256,24,91,103,138,52,208,44,255,47,103,134,141,95,189,80,225,75,c
hand3_c_dif_seg_3_cropped.jpeg,120,306,191,276,253,245,298,199,332,153,172,320,167,280,161,239,162,201,127,329,115,241,123,183,131,143,95,335,94,259,108,214,122,184,75,344,68,300,83,266,98,242,c
hand3_c_dif_seg_4_cropped.jpeg,110,311,179,304,247,279,292,217,327,163,160,327,160,297,165,255,177,217,122,287,113,197,127,129,139,81,99,247,114,154,140,106,164,69,93,214,104,149,123,111,140,84,c
hand2_c_bot_seg_1_cropped.jpeg,113,152,139,128,164,91,192,64,219,47,163,20,221,30,263,44,297,57,162,15,232,26,275,44,311,62,164,24,234,26,278,42,313,59,170,44,227,45,263,55,292,63,c
hand2_c_left_seg_2_cropped.jpeg,122,158,142,156,145,146,140,145,132,147,163,36,218,31,254,49,283,70,167,29,236,27,274,51,298,81,166,34,230,27,265,53,289,83,162,51,203,50,231,66,253,87,c
hand2_c_left_seg_5_cropped.jpeg,116,150,136,131,158,101,181,84,203,76,163,18,230,26,267,53,291,79,164,15,242,22,279,53,300,84,170,27,244,27,281,56,303,84,178,51,236,54,267,74,288,94,c
hand4_c_bot_seg_2_cropped.jpeg,158,299,188,315,218,301,292,246,359,192,66,276,107,160,170,119,233,96,57,214,136,91,227,54,302,47,72,168,153,60,246,28,321,26,103,136,161,61,229,40,286,44,c
hand4_c_bot_seg_5_cropped.jpeg,94,213,169,208,224,203,280,203,340,181,167,94,210,55,264,45,309,48,144,87,203,38,268,25,318,29,129,94,187,44,253,28,305,31,126,112,176,72,228,53,271,50,c
hand2_c_left_seg_4_cropped.jpeg,129,137,125,155,124,151,129,146,140,141,141,43,202,49,239,68,264,90,161,22,233,27,270,56,291,88,182,16,249,16,281,47,300,80,201,23,254,25,283,47,300,71,c
hand2_c_left_seg_3_cropped.jpeg,116,164,152,143,172,111,187,85,204,66,168,21,234,26,275,49,301,77,161,19,242,22,283,52,304,85,158,33,233,26,272,56,293,88,158,60,212,59,242,79,260,102,c
hand1_c_right_seg_2_cropped.jpeg,101,162,140,133,169,97,203,75,234,61,132,29,200,35,240,44,271,52,127,26,206,24,250,30,283,37,128,37,206,27,250,32,283,38,137,58,200,47,237,48,267,49,c
hand2_c_top_seg_1_cropped.jpeg,135,314,211,280,254,223,299,185,327,132,151,133,179,62,232,38,275,37,126,128,161,37,222,21,275,38,109,128,138,33,206,16,260,29,105,139,146,60,200,37,246,39,c
hand1_c_right_seg_5_cropped.jpeg,102,193,152,147,175,104,198,70,222,50,131,15,202,15,243,18,275,22,122,25,201,16,243,19,276,27,122,47,196,34,240,35,273,39,131,76,190,65,225,64,252,65,c
hand3_c_dif_seg_5_cropped.jpeg,120,136,172,109,199,87,224,73,249,56,148,39,192,28,226,38,253,48,139,35,195,17,232,27,260,40,136,37,192,14,230,23,257,34,143,44,187,23,219,22,245,24,c
hand3_c_dif_seg_2_cropped.jpeg,128,244,185,247,243,241,292,208,340,172,147,354,163,321,163,268,166,221,108,343,112,241,121,160,126,101,86,320,101,218,118,156,133,112,80,299,85,231,100,185,109,152,c
hand5_c_dif_seg_1_cropped.jpeg,178,196,169,183,154,170,154,148,153,128,109,160,134,86,173,49,205,27,100,150,125,64,171,28,206,11,101,139,125,56,167,21,199,5,109,128,127,67,153,40,174,25,c
hand4_c_bot_seg_4_cropped.jpeg,169,361,207,303,237,246,299,207,356,177,109,140,175,53,244,33,306,32,84,147,164,35,247,17,311,21,77,163,158,45,244,21,310,21,90,186,166,95,231,63,281,52,c
hand1_c_dif_seg_1_cropped.jpeg,157,205,208,215,252,200,289,175,328,142,167,94,208,79,247,70,282,73,154,68,220,47,265,48,301,64,155,56,217,33,262,37,298,53,165,53,219,36,258,39,287,49,c
hand2_c_dif_seg_2_cropped.jpeg,142,320,211,301,275,246,325,210,361,162,178,132,218,65,279,57,329,71,146,124,202,40,277,42,331,71,121,126,175,35,258,35,317,58,110,145,174,81,240,75,287,90,c
hand2_c_dif_seg_5_cropped.jpeg,132,153,150,137,188,101,239,82,288,76,207,18,279,50,318,80,348,104,210,16,289,46,330,78,362,106,215,30,289,51,330,76,364,99,222,56,279,71,315,86,345,99,c
hand5_c_bot_seg_3_cropped.jpeg,147,328,207,275,238,213,270,176,304,140,146,137,161,64,201,37,239,27,127,141,146,49,198,22,245,23,114,151,134,57,191,27,239,23,114,166,145,89,187,55,223,40,c
hand5_c_bot_seg_4_cropped.jpeg,144,315,210,264,240,203,275,166,310,128,137,130,152,54,203,31,246,32,121,134,144,39,207,16,257,30,110,144,137,51,203,26,251,34,116,163,149,84,197,51,236,45,c
hand1_c_top_seg_2_cropped.jpeg,124,316,204,271,243,219,289,188,339,154,139,130,179,52,241,42,290,55,123,130,164,33,240,27,293,47,116,139,151,44,228,34,279,49,126,158,175,85,237,68,282,71,c
hand1_c_top_seg_5_cropped.jpeg,139,313,211,278,248,223,294,181,343,137,154,135,181,60,237,44,282,50,128,133,153,36,222,23,277,41,110,141,135,44,209,30,265,41,109,161,154,86,214,68,263,69,c
hand1_c_bot_seg_3_cropped.jpeg,119,201,181,154,213,119,242,96,282,66,166,48,212,29,262,34,305,46,144,58,189,27,248,27,293,43,128,86,162,48,221,44,266,53,121,123,146,88,185,78,219,82,c
hand1_c_bot_seg_4_cropped.jpeg,123,186,192,183,242,170,290,156,338,126,179,50,232,47,274,48,311,53,157,41,226,34,274,36,314,47,145,51,213,33,264,36,306,47,144,73,199,53,243,51,277,57,c
hand2_c_dif_seg_4_cropped.jpeg,112,196,187,181,244,159,297,150,346,138,192,48,256,26,306,38,348,58,163,47,242,23,302,42,343,71,141,64,210,29,275,43,322,68,130,95,190,71,240,75,279,88,c
hand2_c_dif_seg_3_cropped.jpeg,122,149,129,150,149,131,176,116,204,105,181,33,248,49,288,66,321,82,190,20,266,33,307,55,341,76,199,25,268,31,309,51,344,71,208,44,261,55,292,72,318,87,c
hand1_c_bot_seg_5_cropped.jpeg,117,177,171,139,202,102,226,74,259,50,168,29,233,24,274,34,306,47,158,31,233,24,282,32,317,49,154,49,225,32,277,39,316,51,158,77,212,60,252,59,284,64,c
hand1_c_bot_seg_2_cropped.jpeg,120,188,181,139,209,97,235,69,270,45,166,20,223,18,266,25,300,34,151,26,216,21,263,26,299,40,141,48,201,35,251,36,291,44,141,82,190,63,230,57,264,58,c
hand5_c_bot_seg_5_cropped.jpeg,156,320,216,276,246,216,278,178,304,136,157,136,165,59,211,34,254,30,140,137,148,44,205,16,255,23,124,147,139,55,201,28,250,32,120,165,151,88,198,57,239,50,c
hand5_c_bot_seg_2_cropped.jpeg,138,323,213,250,240,193,269,161,304,131,109,126,163,44,227,29,276,35,100,134,169,31,244,21,294,35,113,146,172,47,246,34,292,43,144,161,190,83,243,60,282,53,c
hand1_c_top_seg_4_cropped.jpeg,130,319,206,283,249,222,296,183,346,141,148,132,180,54,239,41,286,51,125,132,154,35,227,24,280,42,108,140,138,46,216,32,273,43,110,160,160,85,225,65,272,65,c
hand1_c_top_seg_3_cropped.jpeg,131,309,208,279,247,226,292,189,342,147,151,135,180,59,237,42,283,50,126,132,155,36,225,25,282,47,111,135,142,41,217,32,272,47,110,150,160,76,225,62,273,68,c
hand2_c_right_seg_2_cropped.jpeg,111,151,123,125,158,90,212,79,261,79,167,15,235,39,276,63,309,82,182,21,249,43,291,65,330,85,191,40,252,54,290,71,325,84,200,67,245,73,270,80,294,81,c
hand2_c_right_seg_5_cropped.jpeg,110,159,130,133,170,97,225,86,273,85,185,22,254,47,290,71,319,90,193,33,262,53,299,74,333,96,198,54,260,67,296,82,328,97,204,81,248,84,271,91,295,95,c
hand2_c_dif_seg_1_cropped.jpeg,110,175,158,140,189,98,216,66,243,44,166,20,234,24,280,35,316,50,154,23,234,21,286,36,324,54,148,44,222,32,276,43,317,58,148,77,205,68,246,73,279,82,c
hand1_c_top_seg_1_cropped.jpeg,110,317,196,269,238,220,287,191,337,159,142,127,183,57,243,42,293,55,127,128,168,37,243,31,297,48,119,137,158,45,235,38,286,53,126,154,179,85,243,69,289,73,c
hand1_c_left_seg_3_cropped.jpeg,117,253,152,190,169,129,187,87,209,51,88,97,159,21,230,18,279,28,77,114,151,22,234,19,285,32,83,130,150,37,231,32,281,43,102,146,148,74,198,57,233,55,c
hand1_c_left_seg_4_cropped.jpeg,132,220,131,173,127,121,133,77,142,45,78,104,131,35,188,19,227,14,68,123,139,42,204,34,246,36,71,143,138,69,200,58,240,58,83,164,130,110,168,95,194,88,c
hand2_c_right_seg_4_cropped.jpeg,107,158,124,131,169,96,227,89,276,89,182,23,249,49,285,72,315,92,193,33,261,50,296,72,329,95,201,54,264,64,297,80,327,93,209,81,258,82,281,89,304,91,c
hand2_c_right_seg_3_cropped.jpeg,109,161,127,130,169,94,226,84,272,82,180,19,247,43,282,66,310,85,189,32,256,50,291,70,324,92,195,55,256,64,290,78,320,92,201,83,245,82,267,87,290,88,c
hand1_c_left_seg_5_cropped.jpeg,105,187,164,136,191,92,213,67,238,51,150,19,210,14,250,22,280,32,139,29,206,17,250,23,283,37,136,56,198,39,245,40,279,48,141,92,186,72,224,66,256,67,c
hand1_c_left_seg_2_cropped.jpeg,167,312,209,279,247,213,295,161,342,129,133,126,177,45,247,35,296,51,111,126,166,34,245,31,292,49,102,135,159,44,236,41,285,56,110,153,164,68,222,54,261,56,c
hand5_c_bot_seg_1_cropped.jpeg,175,302,228,253,248,188,273,143,295,100,158,133,154,63,189,35,225,29,140,134,133,50,178,16,224,20,121,141,124,55,176,25,221,28,111,152,128,79,168,49,206,44,c
hand1_c_bot_seg_1_cropped.jpeg,120,179,177,133,204,92,230,65,264,46,168,21,234,22,273,32,304,42,157,23,235,22,277,31,311,45,152,39,228,30,273,36,309,46,155,66,214,54,251,54,280,57,c
hand2_c_bot_seg_2_cropped.jpeg,139,295,223,264,268,222,311,189,354,150,160,124,198,69,251,57,293,66,140,114,191,39,256,35,303,55,126,110,177,27,248,25,295,43,126,119,194,59,253,59,293,70,c
hand2_c_left_seg_1_cropped.jpeg,121,158,148,132,181,99,218,79,256,71,189,22,252,38,286,61,307,84,185,21,257,33,293,55,316,79,184,36,252,40,290,59,316,81,187,64,238,69,270,81,294,94,c
hand2_c_bot_seg_5_cropped.jpeg,132,285,220,257,269,217,311,187,352,150,166,122,205,65,258,56,300,68,144,113,194,34,256,30,301,53,127,111,180,25,249,24,295,46,126,121,194,62,252,62,292,76,c
hand2_c_top_seg_3_cropped.jpeg,148,337,222,270,250,209,287,171,316,126,118,134,161,72,214,43,258,36,99,132,150,43,214,25,261,27,96,134,137,38,202,17,247,18,117,142,165,66,218,43,256,33,c
hand2_c_top_seg_4_cropped.jpeg,128,317,213,257,249,204,290,173,327,131,129,119,179,62,235,42,278,45,112,118,165,34,229,22,277,29,107,123,152,33,218,20,265,28,124,135,179,69,233,52,273,48,c
hand5_c_dif_seg_3_cropped.jpeg,154,291,208,244,234,206,266,185,299,157,137,129,171,59,219,35,258,31,131,131,174,39,232,17,269,20,144,138,180,48,237,22,272,21,176,146,211,71,247,39,272,26,c
hand5_c_dif_seg_4_cropped.jpeg,164,330,206,278,240,230,284,198,325,167,137,155,181,74,229,45,274,34,120,153,171,56,232,27,283,20,113,157,158,55,219,23,266,15,119,165,148,76,189,39,223,22,c
hand1_c_dif_seg_3_cropped.jpeg,150,205,208,216,257,211,300,191,346,155,172,108,208,86,256,73,296,77,158,84,217,55,269,51,308,68,159,73,215,40,266,39,307,54,168,70,218,45,260,43,294,52,c
hand4_c_bot_seg_1_cropped.jpeg,88,183,167,136,206,96,238,68,276,44,177,40,243,25,287,23,325,31,162,51,234,29,292,26,339,34,149,73,219,48,279,42,328,41,144,103,194,71,239,53,279,42,c
hand1_c_dif_seg_4_cropped.jpeg,139,187,187,212,236,211,284,192,335,159,150,136,197,104,248,86,291,83,140,99,210,63,271,57,316,75,148,73,211,37,270,35,315,54,164,56,216,26,260,26,293,42,c
hand3_c_dif_seg_1_cropped.jpeg,106,290,178,263,246,235,298,201,347,167,165,324,183,300,192,259,204,218,115,345,105,260,110,187,112,131,80,358,92,289,117,235,133,196,65,377,72,349,92,317,105,292,c
hand2_c_top_seg_5_cropped.jpeg,133,286,217,252,259,213,296,181,329,136,133,126,184,63,243,44,288,45,111,118,167,25,233,18,284,31,106,118,159,21,228,15,275,31,124,130,184,56,241,46,280,50,c
hand1_c_right_seg_1_cropped.jpeg,91,184,146,135,176,92,204,68,237,49,137,22,203,22,244,30,271,40,130,30,205,23,250,30,282,42,129,51,202,37,249,44,283,50,135,80,194,64,236,64,269,67,c
hand2_c_top_seg_2_cropped.jpeg,116,309,210,278,264,219,310,183,329,127,180,126,200,61,246,42,286,40,159,124,172,39,230,23,281,36,137,123,150,33,210,19,260,29,116,130,141,57,189,34,235,29,c
hand2_c_bot_seg_4_cropped.jpeg,136,286,210,258,257,214,300,181,338,142,140,121,190,61,249,53,297,63,117,112,184,31,252,30,301,51,108,112,176,23,247,24,294,44,119,124,192,59,250,56,290,66,c
hand2_c_bot_seg_3_cropped.jpeg,140,286,221,260,271,219,315,188,355,146,171,126,205,67,259,52,302,60,148,117,193,37,258,29,306,51,129,113,173,27,243,23,291,46,122,121,182,59,241,54,282,67,c
hand1_c_dif_seg_5_cropped.jpeg,127,233,186,234,236,219,288,192,333,153,140,155,173,89,234,69,279,73,125,133,172,44,250,38,299,54,126,117,170,34,242,28,286,45,139,107,188,48,241,39,279,47,c
hand1_c_dif_seg_2_cropped.jpeg,161,228,214,223,255,198,291,171,332,140,167,89,216,59,255,52,285,59,145,77,208,43,261,40,299,53,138,77,198,40,252,37,292,49,144,86,200,52,245,48,277,58,c
hand5_c_dif_seg_5_cropped.jpeg,167,319,216,275,247,221,282,185,315,152,172,134,178,74,202,43,228,25,149,137,157,63,185,31,221,14,125,148,130,73,156,38,187,19,102,169,103,104,117,62,137,29,c
hand1_b_top_seg_4_cropped.jpeg,185,340,227,313,244,249,200,195,154,173,245,185,240,112,233,69,228,33,206,177,202,102,199,55,197,16,175,184,170,118,168,76,167,43,143,203,138,152,137,119,137,90,b
hand1_b_top_seg_3_cropped.jpeg,185,340,229,312,247,250,204,195,159,172,247,184,242,111,236,69,231,33,208,176,203,101,200,54,200,16,176,184,169,117,168,76,168,43,145,205,139,152,138,119,138,90,b
hand5_b_bot_seg_5_cropped.jpeg,192,355,247,324,276,255,247,196,199,175,231,172,224,107,212,68,201,32,193,169,184,97,176,53,169,13,160,180,151,114,146,72,141,35,126,203,123,146,122,112,120,79,b
hand5_b_bot_seg_2_cropped.jpeg,183,352,238,321,271,252,241,194,195,174,235,174,228,109,217,71,207,35,198,170,190,99,182,55,176,16,166,180,156,113,154,71,150,37,132,200,128,144,128,110,126,77,b
hand1_b_left_seg_2_cropped.jpeg,194,349,240,308,258,233,218,180,171,159,248,175,245,108,237,68,229,33,212,172,207,98,203,52,199,15,181,182,173,113,171,70,168,36,148,203,143,150,141,114,140,81,b
hand1_b_left_seg_5_cropped.jpeg,194,345,239,303,257,229,216,177,169,158,244,170,241,103,234,64,227,31,208,168,202,93,197,49,195,13,177,179,169,110,168,68,167,34,147,201,141,148,140,113,139,81,b
hand1_b_bot_seg_5_cropped.jpeg,188,369,233,331,252,262,215,208,168,184,240,188,236,117,229,74,222,36,204,186,199,108,193,58,187,15,173,197,164,125,161,78,158,41,142,221,135,166,132,128,128,96,b
hand1_b_bot_seg_2_cropped.jpeg,188,364,230,327,247,258,204,206,158,182,243,187,239,114,232,70,225,32,204,182,200,105,195,56,192,15,171,192,163,122,161,77,159,41,139,212,131,159,128,124,126,92,b
hand2_b_dif_seg_4_cropped.jpeg,196,356,250,312,262,233,215,178,163,166,249,182,248,112,242,70,235,33,208,178,204,102,200,52,195,12,173,188,164,119,162,72,157,37,140,208,133,155,132,118,129,86,b
hand2_b_dif_seg_3_cropped.jpeg,192,358,244,316,260,235,216,177,165,168,253,181,252,110,246,68,239,31,211,175,208,102,205,52,201,12,176,185,168,117,167,71,165,34,141,205,137,154,135,117,132,85,b
hand1_b_left_seg_4_cropped.jpeg,193,346,236,305,252,233,213,181,167,158,244,172,241,105,234,65,227,31,207,170,203,95,199,49,196,12,177,181,170,112,169,71,168,37,146,202,140,150,139,116,139,85,b
hand1_b_left_seg_3_cropped.jpeg,194,347,237,306,253,234,213,182,167,160,244,172,241,105,234,65,227,30,208,170,203,95,199,50,197,13,177,181,171,113,170,72,169,37,146,202,140,150,139,116,139,85,b
hand1_b_bot_seg_3_cropped.jpeg,193,368,233,332,249,267,207,216,162,191,242,190,235,118,228,73,223,34,204,187,198,109,192,58,189,15,173,198,163,127,160,81,158,44,142,223,133,168,129,132,125,100,b
hand1_b_bot_seg_4_cropped.jpeg,191,363,229,328,243,264,203,212,159,188,241,189,234,117,227,72,223,34,203,185,197,108,192,59,190,16,172,196,162,126,159,81,158,44,142,219,132,166,128,131,125,100,b
hand2_b_right_seg_1_cropped.jpeg,182,359,243,322,267,242,234,177,181,175,252,192,255,119,252,75,248,36,212,182,212,108,212,58,211,17,177,187,172,120,175,74,174,40,141,203,140,152,142,116,143,86,b
hand1_b_top_seg_2_cropped.jpeg,181,347,225,319,246,255,208,195,163,166,245,187,248,114,241,70,234,34,209,175,209,98,205,52,202,14,178,181,173,111,171,72,168,39,146,202,140,148,139,117,138,90,b
hand1_b_top_seg_5_cropped.jpeg,193,350,244,310,258,232,214,178,165,161,240,178,232,108,221,67,209,32,203,175,194,98,186,52,178,16,173,186,162,115,157,72,149,39,143,206,136,151,133,114,127,81,b
hand5_b_bot_seg_3_cropped.jpeg,175,347,224,324,255,262,225,206,181,185,253,182,261,115,262,74,262,37,217,171,227,101,230,58,235,20,184,174,191,109,198,69,204,37,148,190,156,137,162,104,167,74,b
hand5_b_bot_seg_4_cropped.jpeg,183,352,236,327,269,261,239,201,189,183,243,178,238,112,231,72,225,35,204,171,201,100,197,55,195,15,171,179,165,114,165,72,163,37,136,198,135,145,135,111,134,80,b
hand2_b_dif_seg_2_cropped.jpeg,186,360,237,318,255,238,212,179,161,167,257,182,259,110,253,66,248,28,215,177,215,101,212,50,209,9,178,186,171,117,172,70,171,34,142,205,137,153,136,117,135,84,b
hand2_b_dif_seg_5_cropped.jpeg,187,360,240,320,257,237,214,179,162,170,253,185,254,112,249,68,244,30,212,180,211,106,207,56,202,15,177,190,169,121,168,73,165,37,142,209,136,157,134,119,131,86,b
hand4_b_bot_seg_4_cropped.jpeg,181,368,240,347,268,283,239,226,198,196,240,194,242,127,238,85,232,45,202,186,204,112,201,63,197,18,168,195,168,125,170,79,169,37,132,217,133,158,137,120,141,82,b
hand1_b_dif_seg_1_cropped.jpeg,185,368,238,335,262,259,224,202,180,174,253,192,256,122,251,78,243,40,215,186,218,107,216,55,212,14,181,194,179,122,179,77,176,40,145,214,144,159,144,122,144,86,b
hand4_b_bot_seg_3_cropped.jpeg,174,371,234,347,269,282,235,222,188,196,256,200,263,129,260,85,254,46,214,188,218,110,218,59,217,19,176,192,174,120,180,74,183,37,136,209,137,151,143,115,148,82,b
hand1_b_right_seg_5_cropped.jpeg,179,346,226,321,251,255,218,195,174,166,250,191,251,118,245,76,241,38,211,183,210,105,209,56,208,17,177,190,174,118,174,75,174,40,142,210,140,155,141,119,143,86,b
hand1_b_right_seg_2_cropped.jpeg,177,347,230,325,255,256,223,196,180,167,250,191,250,119,244,76,237,39,209,183,209,104,206,55,204,16,176,190,173,118,173,75,171,40,142,209,141,154,142,119,142,88,b
hand5_b_dif_seg_1_cropped.jpeg,192,327,239,286,249,220,201,176,157,170,246,160,238,97,230,60,221,27,210,156,203,91,195,50,189,16,179,164,169,103,165,65,161,35,146,180,142,129,140,98,138,69,b
hand3_b_dif_seg_5_cropped.jpeg,199,360,258,317,271,234,229,176,180,173,241,180,238,116,233,77,226,39,201,175,198,103,193,57,190,13,168,184,160,116,158,67,156,27,133,204,134,141,135,102,135,66,b
hand3_b_dif_seg_2_cropped.jpeg,183,361,250,320,271,239,230,179,182,174,251,187,252,121,247,80,242,41,211,178,211,105,211,58,212,17,176,183,174,113,177,64,180,26,139,198,142,138,144,100,146,64,b
hand2_b_top_seg_1_cropped.jpeg,182,346,241,301,260,225,223,166,174,155,251,177,250,107,244,65,239,29,212,171,209,98,206,49,203,11,177,178,171,112,172,66,171,33,141,193,137,142,138,104,139,73,b
hand4_b_bot_seg_2_cropped.jpeg,194,171,227,151,250,124,260,95,264,76,244,163,234,120,219,76,207,42,206,177,192,118,183,64,176,24,169,189,158,129,154,79,151,39,137,196,122,161,121,126,124,94,b
hand4_b_bot_seg_5_cropped.jpeg,177,375,237,347,269,278,234,215,188,186,256,200,260,126,256,81,251,41,213,189,215,110,213,58,211,16,175,195,172,123,176,76,178,38,135,212,135,155,140,119,144,86,b
hand1_b_right_seg_3_cropped.jpeg,178,346,229,320,254,252,221,193,177,163,249,189,249,117,244,73,237,35,210,181,209,103,207,54,205,16,176,187,173,116,173,74,171,40,141,205,140,152,142,118,143,87,b
hand1_b_right_seg_4_cropped.jpeg,176,340,225,316,250,253,218,196,178,165,249,186,249,114,243,71,239,34,211,179,210,101,207,53,206,15,177,186,173,115,173,73,172,39,143,205,142,151,143,117,144,85,b
hand2_b_bot_seg_1_cropped.jpeg,188,354,241,312,257,232,219,176,172,169,250,174,249,106,243,67,237,32,211,168,209,96,205,48,202,10,177,178,171,112,172,68,171,34,144,197,139,146,138,111,138,80,b
hand3_b_dif_seg_3_cropped.jpeg,198,358,257,314,269,232,226,176,179,172,238,181,234,118,228,79,221,41,198,177,194,105,190,60,187,17,166,185,158,115,156,67,154,26,132,205,133,142,134,103,132,67,b
hand3_b_dif_seg_4_cropped.jpeg,193,370,253,335,270,251,232,195,184,194,237,194,235,126,228,84,222,45,198,190,194,115,190,65,187,20,166,202,160,128,160,75,158,31,132,223,133,162,134,120,132,81,b
hand2_b_left_seg_1_cropped.jpeg,184,365,237,322,257,238,219,179,169,171,247,183,245,110,237,68,231,30,207,179,202,104,197,54,193,12,173,189,164,121,163,74,161,39,140,209,134,156,131,119,129,86,b
hand5_b_dif_seg_5_cropped.jpeg,229,322,271,270,269,198,211,165,166,175,239,142,217,84,199,51,182,25,202,147,178,83,162,45,149,15,173,162,148,104,137,67,124,38,146,186,128,136,118,104,109,75,b
hand5_b_dif_seg_2_cropped.jpeg,191,333,230,296,238,235,192,193,151,183,246,163,239,98,231,59,223,26,211,159,206,92,201,50,196,15,181,167,174,105,171,68,168,37,150,184,147,133,146,103,145,75,b
hand1_b_right_seg_1_cropped.jpeg,183,339,236,314,258,248,224,192,178,168,249,188,247,118,241,75,235,39,209,180,207,102,205,53,203,16,176,187,172,115,172,73,169,38,143,206,140,152,141,118,141,87,b
hand1_b_dif_seg_5_cropped.jpeg,183,367,235,337,261,264,225,207,181,179,251,194,254,122,250,78,244,41,214,188,217,108,215,56,211,15,180,196,178,124,178,78,176,42,145,217,144,162,144,125,144,90,b
hand1_b_dif_seg_2_cropped.jpeg,180,371,233,335,259,262,221,205,180,173,249,192,254,120,252,76,248,38,212,187,214,107,212,57,210,16,179,196,176,122,176,76,175,39,146,217,146,159,145,120,144,84,b
hand2_b_bot_seg_4_cropped.jpeg,191,356,245,312,261,233,224,179,176,171,245,176,240,108,232,68,223,34,206,171,201,98,195,49,190,11,173,181,164,114,162,69,158,33,141,202,134,150,132,114,130,81,b
hand2_b_bot_seg_3_cropped.jpeg,197,355,245,307,254,230,209,178,162,171,246,171,239,101,229,61,221,27,207,169,197,97,190,50,184,12,173,182,162,116,158,72,154,38,142,203,132,153,127,118,124,85,b
hand2_b_top_seg_5_cropped.jpeg,183,352,240,312,262,233,224,172,174,160,250,184,251,112,245,67,240,30,210,176,210,102,207,52,204,13,175,184,169,115,171,68,171,34,140,201,135,150,135,113,136,81,b
hand2_b_left_seg_3_cropped.jpeg,182,365,234,324,251,242,211,181,161,172,245,180,242,107,235,66,229,30,205,178,199,102,195,54,193,13,172,189,163,119,164,74,165,40,139,209,132,156,131,120,132,88,b
hand2_b_left_seg_4_cropped.jpeg,184,363,242,326,264,240,228,177,177,173,249,186,249,114,242,70,234,34,208,180,205,106,201,55,195,15,174,189,166,121,167,74,164,39,140,207,136,156,134,118,132,85,b
hand2_b_top_seg_2_cropped.jpeg,180,348,240,305,260,226,222,163,170,154,252,183,252,111,248,67,243,30,211,175,211,101,209,52,208,12,176,181,171,113,175,67,175,34,141,196,138,145,140,107,141,76,b
hand3_b_dif_seg_1_cropped.jpeg,177,356,249,314,271,237,232,177,185,167,257,189,258,121,254,79,249,41,217,178,220,106,219,58,221,17,182,181,182,110,187,61,191,22,143,194,146,133,150,94,154,58,b
hand4_b_bot_seg_1_cropped.jpeg,177,375,238,346,269,276,232,216,185,191,254,196,257,125,253,81,248,44,210,186,210,107,209,58,206,18,173,192,169,121,172,74,174,37,134,211,133,153,136,117,139,82,b
hand1_b_dif_seg_3_cropped.jpeg,177,367,229,332,254,257,216,200,175,169,251,190,257,118,255,73,252,36,213,185,218,106,218,57,219,16,179,193,178,121,180,76,180,40,144,213,143,157,145,121,146,85,b
hand1_b_dif_seg_4_cropped.jpeg,180,369,235,335,260,261,221,207,179,182,247,192,251,120,249,76,245,39,209,187,212,108,210,57,207,17,177,196,174,123,174,76,172,40,143,217,145,160,145,122,143,87,b
hand5_b_dif_seg_3_cropped.jpeg,206,327,255,281,261,208,210,167,162,170,238,154,225,95,213,59,200,28,201,154,187,89,178,47,169,12,170,165,155,104,149,64,141,33,141,184,132,133,127,99,122,68,b
hand5_b_dif_seg_4_cropped.jpeg,203,318,243,270,251,206,200,169,155,174,240,146,228,85,214,52,200,25,204,146,194,82,181,46,168,18,174,157,162,98,154,64,144,38,144,177,135,130,130,102,124,77,b
hand2_b_left_seg_5_cropped.jpeg,184,362,241,322,263,238,225,178,175,173,247,184,246,114,240,71,234,34,208,180,204,107,200,57,196,16,174,189,166,121,166,74,164,39,140,207,135,154,132,116,130,83,b
hand2_b_top_seg_3_cropped.jpeg,179,345,238,309,258,231,221,168,173,157,253,182,255,109,251,65,247,28,213,174,214,99,213,50,213,11,179,180,174,111,178,65,181,31,143,194,139,142,141,105,143,74,b
hand2_b_top_seg_4_cropped.jpeg,184,347,245,302,264,223,226,162,175,154,252,182,253,111,248,69,241,33,212,173,211,99,209,50,205,11,178,179,172,110,175,65,174,31,142,193,140,141,141,103,142,71,b
hand2_b_left_seg_2_cropped.jpeg,182,365,234,324,252,243,212,182,162,171,247,183,244,109,237,67,232,30,207,180,202,103,198,54,196,12,173,191,166,119,167,73,168,39,140,210,133,156,133,119,133,87,b
hand2_b_bot_seg_2_cropped.jpeg,190,356,243,314,258,237,219,183,172,173,249,175,244,106,236,65,229,30,209,171,203,99,197,51,193,12,175,182,167,115,166,71,164,36,142,202,134,151,133,115,132,84,b
hand2_b_bot_seg_5_cropped.jpeg,193,357,246,313,262,235,224,180,175,170,244,174,239,108,230,68,221,33,205,170,198,99,192,51,187,12,172,182,161,115,158,71,154,35,140,204,132,152,130,116,127,82,b
hand2_b_right_seg_3_cropped.jpeg,182,361,239,325,263,246,231,182,182,174,253,193,257,119,255,74,252,34,214,184,216,109,216,57,217,15,179,191,175,123,178,75,179,38,144,207,141,155,142,117,142,85,b
hand2_b_right_seg_4_cropped.jpeg,183,360,239,324,261,247,229,184,180,173,254,191,258,119,256,74,254,35,214,182,216,107,217,57,218,15,178,188,175,121,179,74,180,38,142,205,140,154,142,117,143,86,b
hand1_b_bot_seg_1_cropped.jpeg,189,367,231,330,250,262,209,209,162,186,242,188,240,116,234,72,229,33,204,184,201,106,197,58,193,17,172,194,164,124,162,78,160,41,140,217,132,163,129,126,127,94,b
hand1_b_left_seg_1_cropped.jpeg,194,348,240,308,258,234,218,182,171,162,247,175,244,108,236,68,228,33,211,172,206,99,202,52,197,15,180,183,172,115,171,72,167,37,148,204,143,151,141,114,140,81,b
hand5_b_bot_seg_1_cropped.jpeg,185,351,236,321,265,255,233,197,183,182,247,175,244,109,237,69,230,33,209,168,206,98,202,52,198,12,175,176,169,111,170,70,168,35,140,196,138,142,140,107,141,75,b
hand1_b_top_seg_1_cropped.jpeg,170,348,221,325,247,259,211,199,163,169,248,188,249,117,240,74,231,36,212,177,212,101,206,54,201,15,178,182,174,112,172,70,169,36,145,201,139,147,139,115,141,88,b
hand2_b_right_seg_5_cropped.jpeg,183,363,239,326,262,249,228,186,181,173,255,192,259,118,257,73,256,34,215,184,217,108,218,57,220,15,180,190,176,122,180,73,182,37,144,207,142,154,144,115,146,84,b
hand2_b_right_seg_2_cropped.jpeg,184,361,242,323,265,242,231,178,178,175,253,192,254,119,251,73,247,34,212,183,212,107,212,57,210,16,177,188,171,120,174,74,173,39,141,204,139,153,141,116,142,86,b
hand2_b_dif_seg_1_cropped.jpeg,188,357,242,315,258,235,214,178,162,165,256,183,257,111,252,68,246,31,213,177,213,102,211,53,208,13,177,186,171,117,172,70,171,35,141,203,136,153,136,116,135,83,b
hand1_f_bot_seg_4_cropped.jpeg,195,290,240,262,262,232,255,208,228,184,215,173,213,130,217,145,218,169,182,174,181,102,178,55,173,13,151,187,146,118,142,72,137,30,123,211,114,158,112,121,111,87,f
hand1_f_bot_seg_3_cropped.jpeg,171,372,229,339,266,273,279,214,245,188,213,192,218,131,225,148,223,177,180,186,180,107,178,60,173,18,150,196,148,123,147,76,144,34,122,218,119,159,120,122,120,88,f
hand1_f_left_seg_3_cropped.jpeg,174,350,226,325,268,265,271,209,236,177,233,184,234,126,230,142,224,169,199,178,201,104,201,58,202,16,169,185,168,117,169,71,170,32,139,205,140,150,141,113,142,79,f
hand5_f_bot_seg_4_cropped.jpeg,168,332,218,299,259,240,283,181,251,148,229,168,236,113,237,119,235,141,197,160,201,91,202,51,203,13,168,165,170,105,171,64,171,30,137,181,140,132,142,99,145,68,f
hand1_f_left_seg_4_cropped.jpeg,171,347,224,322,267,263,266,206,230,174,236,183,234,126,227,136,221,160,200,177,202,104,200,58,201,16,171,184,169,116,169,72,170,34,140,202,141,148,142,112,143,80,f
hand5_f_bot_seg_3_cropped.jpeg,174,334,228,295,262,235,284,174,260,133,221,168,225,114,227,115,228,134,188,161,185,90,182,50,180,14,159,167,154,104,152,63,150,29,129,183,127,132,125,98,124,67,f
hand1_f_top_seg_5_cropped.jpeg,174,366,228,335,269,266,276,202,233,176,232,190,233,129,222,135,210,156,194,182,192,104,189,57,187,16,162,189,158,119,158,73,156,36,130,209,129,154,128,118,128,84,f
hand1_f_top_seg_2_cropped.jpeg,170,364,226,337,272,269,278,206,237,180,231,190,231,128,223,131,215,153,192,183,189,104,186,55,184,14,160,189,155,120,153,73,151,35,125,210,125,154,125,118,123,85,f
hand2_f_dif_seg_5_cropped.jpeg,172,359,237,322,276,254,286,188,253,152,228,187,228,123,229,117,231,131,191,181,189,104,186,56,184,14,158,189,153,119,152,73,152,36,122,208,120,155,118,118,119,84,f
hand2_f_dif_seg_2_cropped.jpeg,165,359,231,327,274,259,288,188,251,151,237,191,240,125,236,123,232,142,198,183,200,105,200,56,200,13,165,188,163,119,166,71,168,33,128,206,128,153,129,116,133,82,f
hand5_f_bot_seg_2_cropped.jpeg,173,333,231,296,268,241,285,181,261,139,226,168,229,110,232,109,235,129,192,162,189,90,185,49,183,13,162,168,158,104,155,63,152,31,130,183,129,131,128,97,128,67,f
hand1_f_left_seg_5_cropped.jpeg,173,350,224,322,266,264,268,209,234,175,235,183,234,126,227,133,220,155,200,177,202,103,201,57,201,15,171,184,170,116,170,70,171,32,140,203,142,149,143,112,144,79,f
hand5_f_bot_seg_5_cropped.jpeg,176,338,226,297,256,240,282,189,275,146,200,175,210,120,230,123,245,146,174,170,172,95,172,51,173,15,150,176,148,108,148,62,148,26,127,192,126,139,125,102,125,68,f
hand1_f_left_seg_2_cropped.jpeg,173,352,225,326,269,265,270,208,234,176,233,186,235,128,228,141,220,167,198,179,201,105,201,58,202,16,169,185,168,117,169,72,170,34,138,204,139,149,140,113,142,80,f
hand1_f_top_seg_3_cropped.jpeg,172,365,226,335,270,266,277,203,234,177,230,191,231,129,222,133,213,155,191,182,188,105,185,57,184,15,159,189,155,120,154,74,152,36,124,209,126,155,125,119,125,86,f
hand1_f_top_seg_4_cropped.jpeg,172,367,226,337,270,267,277,202,235,177,231,189,229,129,222,134,214,155,193,181,191,104,187,57,185,16,161,188,156,119,153,74,151,37,127,208,127,153,126,118,126,85,f
hand1_f_bot_seg_2_cropped.jpeg,168,365,226,339,265,272,282,211,246,191,215,193,222,132,225,149,219,177,183,186,184,106,182,57,178,15,153,194,150,120,148,73,146,33,125,215,121,156,121,119,120,83,f
hand1_f_bot_seg_5_cropped.jpeg,194,283,237,260,258,232,251,210,230,184,214,172,214,132,218,147,220,170,182,173,180,102,179,57,174,16,151,186,145,119,141,74,137,33,122,209,114,158,112,122,111,89,f
hand2_f_right_seg_1_cropped.jpeg,176,361,231,331,271,265,291,205,258,176,223,189,222,125,231,125,239,146,186,185,181,109,179,59,177,15,153,196,147,126,144,77,143,36,118,219,115,166,111,129,110,94,f
hand2_f_dif_seg_3_cropped.jpeg,172,360,235,323,274,254,285,184,246,149,231,186,231,121,228,121,224,140,193,180,190,102,185,53,182,11,160,188,153,119,151,73,150,36,124,208,120,155,118,118,119,85,f
hand2_f_dif_seg_4_cropped.jpeg,169,359,230,327,271,257,283,186,245,151,233,190,236,123,235,123,234,143,196,182,195,104,193,54,193,13,163,189,159,120,160,74,161,37,128,208,126,156,125,120,127,87,f
hand1_f_right_seg_5_cropped.jpeg,160,352,224,336,268,270,281,206,247,178,237,199,242,142,237,165,227,194,201,189,206,109,207,62,209,18,168,193,169,120,171,74,173,35,135,210,139,151,143,114,147,80,f
hand4_f_bot_seg_5_cropped.jpeg,157,377,223,349,272,290,299,225,276,179,226,201,241,144,247,158,245,189,185,188,187,107,181,60,173,15,149,191,147,121,147,75,144,34,111,209,112,152,113,115,117,81,f
hand1_f_right_seg_2_cropped.jpeg,161,362,224,344,272,270,292,200,249,177,225,202,228,143,226,174,221,206,188,192,189,114,191,63,192,8,155,198,154,126,157,79,157,35,118,215,121,158,124,121,126,85,f
hand4_f_bot_seg_2_cropped.jpeg,181,374,237,349,278,278,293,208,256,172,230,191,232,133,233,146,231,176,188,183,176,105,163,60,151,16,153,192,138,124,131,79,122,40,119,214,110,160,105,124,102,90,f
hand2_f_left_seg_1_cropped.jpeg,159,347,227,312,272,243,292,171,252,142,231,180,232,115,232,119,231,140,193,174,193,99,192,54,190,13,160,181,157,114,158,67,158,29,125,198,125,144,124,108,125,75,f
hand2_f_bot_seg_1_cropped.jpeg,201,366,254,319,274,241,282,174,246,143,227,185,221,122,220,112,218,122,192,184,179,107,170,58,161,15,162,196,148,126,140,79,132,39,131,218,122,165,116,127,112,91,f
hand3_f_dif_seg_4_cropped.jpeg,164,369,227,344,272,272,294,204,255,181,235,194,245,132,244,145,239,173,197,183,200,105,198,59,194,15,163,186,163,114,163,64,160,20,127,201,126,142,126,102,126,64,f
hand3_f_dif_seg_3_cropped.jpeg,168,369,230,342,272,270,291,201,252,175,234,195,243,133,242,143,238,170,196,184,197,105,193,58,188,15,163,189,161,115,160,64,156,20,127,205,126,145,125,104,126,66,f
hand1_f_dif_seg_1_cropped.jpeg,180,367,239,331,273,252,282,180,236,157,225,194,228,133,224,152,214,180,191,188,193,112,192,62,188,16,161,196,159,127,160,78,158,37,129,215,129,160,128,122,128,84,f
hand1_f_right_seg_3_cropped.jpeg,171,364,232,340,271,272,282,208,248,178,232,197,235,143,230,172,224,203,194,189,197,114,194,64,193,15,160,198,160,125,161,76,161,33,128,218,131,158,135,120,137,86,f
hand4_f_bot_seg_3_cropped.jpeg,166,375,224,352,270,291,288,227,250,194,233,196,237,139,234,152,230,179,193,184,190,106,184,61,180,19,157,189,151,120,150,74,149,35,120,208,119,153,119,118,120,85,f
hand1_f_right_seg_4_cropped.jpeg,163,356,224,337,267,271,279,207,244,181,232,199,237,142,233,165,223,194,196,189,201,112,201,63,200,16,163,195,164,123,166,77,167,37,132,213,136,154,138,118,141,85,f
hand4_f_bot_seg_4_cropped.jpeg,151,378,216,353,268,295,297,230,272,182,230,204,245,147,248,162,243,193,188,188,192,109,189,63,186,19,151,190,152,121,154,75,153,35,113,206,117,151,120,115,123,81,f
hand5_f_dif_seg_1_cropped.jpeg,173,325,229,292,266,230,279,167,248,134,234,163,241,108,238,118,234,143,201,155,206,87,206,49,207,15,173,160,176,99,178,60,180,26,142,174,146,124,149,91,151,61,f
hand2_f_top_seg_1_cropped.jpeg,177,354,228,314,261,245,278,177,246,138,231,182,229,116,227,114,224,131,194,177,190,100,184,52,179,9,162,187,157,119,155,73,153,34,129,207,126,157,124,122,124,87,f
hand3_f_dif_seg_2_cropped.jpeg,170,371,230,342,272,272,290,204,252,171,236,196,240,133,241,147,240,176,197,185,196,105,193,58,190,15,163,190,161,115,161,64,158,20,128,206,127,147,126,107,126,69,f
hand3_f_dif_seg_5_cropped.jpeg,161,368,225,346,274,275,296,207,256,180,237,196,244,134,244,152,241,184,197,184,198,106,195,60,191,15,162,187,161,115,161,65,157,21,124,203,125,143,125,103,125,66,f
hand1_f_dif_seg_4_cropped.jpeg,184,367,241,331,273,252,281,182,237,154,222,194,226,134,224,150,217,176,189,188,189,111,188,61,185,16,159,197,157,125,157,77,156,37,127,217,127,161,126,122,126,84,f
hand1_f_right_seg_1_cropped.jpeg,171,366,231,341,273,270,287,204,250,179,226,198,231,141,230,169,223,202,190,190,191,113,190,64,189,13,157,198,155,125,155,78,154,36,124,219,124,159,126,121,128,85,f
hand4_f_bot_seg_1_cropped.jpeg,183,376,231,349,266,288,274,222,239,177,240,197,245,139,241,149,233,177,200,186,198,107,190,60,183,17,166,191,159,123,156,79,151,39,129,211,126,157,125,121,125,88,f
hand1_f_dif_seg_3_cropped.jpeg,181,368,239,331,273,252,281,180,236,154,225,194,228,133,224,146,213,171,190,188,192,111,190,60,185,15,159,196,158,126,158,76,156,35,127,216,127,159,127,121,127,84,f
hand5_f_dif_seg_4_cropped.jpeg,182,331,236,292,261,231,274,182,270,141,220,165,229,114,239,132,244,162,193,158,195,90,196,49,195,12,168,164,168,99,168,57,167,22,143,179,145,127,146,91,147,58,f
hand5_f_dif_seg_3_cropped.jpeg,175,316,222,289,257,231,265,171,236,134,242,166,250,110,242,114,236,135,210,156,216,88,215,49,218,14,182,159,186,99,189,60,192,27,151,172,156,125,160,92,163,62,f
hand2_f_top_seg_4_cropped.jpeg,180,351,230,306,259,237,273,170,239,128,231,177,227,111,224,109,221,128,195,176,189,100,183,53,180,12,163,186,158,120,155,74,154,36,132,203,129,154,126,119,126,86,f
hand2_f_top_seg_3_cropped.jpeg,179,353,232,311,263,240,281,171,249,133,229,179,228,113,225,110,221,127,193,175,188,99,180,52,174,11,161,185,154,118,151,73,147,36,127,205,124,155,121,120,121,86,f
hand2_f_left_seg_2_cropped.jpeg,159,347,228,314,273,243,292,169,250,143,230,181,233,117,232,122,230,143,193,174,194,101,194,56,192,15,160,181,158,115,160,67,161,29,126,197,126,144,126,108,127,75,f
hand2_f_bot_seg_5_cropped.jpeg,192,364,248,315,272,240,281,174,246,142,228,185,226,126,221,113,214,116,192,183,183,107,175,58,166,15,161,193,150,124,144,77,138,38,129,216,122,162,118,125,115,90,f
hand2_f_left_seg_5_cropped.jpeg,161,354,224,317,266,244,282,171,245,141,235,180,237,116,231,126,224,152,199,175,199,99,196,54,193,13,168,182,166,116,167,69,167,31,135,199,134,147,134,111,136,78,f
hand2_f_bot_seg_2_cropped.jpeg,196,365,250,316,272,240,280,173,245,141,225,184,222,123,220,113,216,120,190,182,181,107,173,58,165,15,160,194,149,124,143,77,136,38,129,217,121,163,117,126,114,90,f
hand5_f_dif_seg_2_cropped.jpeg,176,328,233,292,267,228,279,168,250,134,229,163,236,108,238,121,239,150,198,155,200,87,200,48,201,14,169,161,169,98,171,58,171,23,139,175,143,124,144,90,145,59,f
hand5_f_dif_seg_5_cropped.jpeg,164,334,225,303,266,246,283,190,269,147,233,173,246,120,244,136,237,164,202,162,211,93,214,52,216,16,172,164,179,100,184,58,188,23,140,176,148,124,152,88,158,56,f
hand1_f_dif_seg_2_cropped.jpeg,178,367,236,332,272,253,281,182,237,157,229,193,229,131,225,154,217,184,193,187,192,110,192,62,191,17,161,196,158,126,159,78,158,37,127,215,127,159,126,121,126,84,f
hand1_f_dif_seg_5_cropped.jpeg,180,367,239,331,273,252,282,180,236,156,225,193,227,132,223,153,215,183,190,187,191,111,190,61,188,15,159,196,157,125,157,77,155,37,127,216,127,159,127,121,127,84,f
hand2_f_bot_seg_3_cropped.jpeg,196,364,250,315,272,241,281,175,246,142,227,184,222,123,219,113,214,120,192,183,182,107,173,58,165,17,161,194,150,125,143,78,137,39,129,218,122,164,118,127,115,91,f
hand2_f_left_seg_4_cropped.jpeg,163,342,229,308,274,239,294,169,255,142,228,178,232,116,230,114,226,131,189,172,189,98,187,51,185,11,156,179,153,112,154,66,153,30,121,196,120,144,119,108,121,74,f
hand2_f_bot_seg_4_cropped.jpeg,192,366,248,316,271,240,280,174,246,141,226,185,223,124,220,114,215,121,191,182,182,107,173,58,166,15,160,193,150,124,144,78,137,39,128,215,122,162,118,126,116,90,f
hand2_f_left_seg_3_cropped.jpeg,160,350,225,314,269,243,285,171,249,143,233,179,234,115,233,122,232,145,198,173,197,99,196,55,195,13,166,179,163,114,164,69,166,31,134,195,134,142,133,107,135,75,f
hand3_f_dif_seg_1_cropped.jpeg,160,372,229,344,278,275,298,209,257,186,234,198,241,137,236,140,227,160,194,188,194,107,190,58,184,16,159,191,156,117,154,65,151,23,121,207,119,145,118,105,119,68,f
hand2_f_top_seg_2_cropped.jpeg,177,352,229,313,260,244,277,176,244,137,230,180,227,113,225,114,224,134,194,176,189,100,183,54,178,11,162,186,157,120,154,74,152,37,128,207,125,157,123,121,123,87,f
hand2_f_top_seg_5_cropped.jpeg,177,348,229,303,259,232,272,165,243,122,232,174,229,108,229,114,229,139,197,173,193,98,190,53,188,15,165,181,161,116,160,73,160,37,132,196,130,148,128,114,130,82,f
hand1_f_top_seg_1_cropped.jpeg,170,366,223,340,271,273,286,213,245,189,222,192,223,131,223,135,222,158,184,185,181,107,179,57,176,14,152,192,147,123,145,75,142,36,119,212,118,156,115,119,113,85,f
hand2_f_right_seg_3_cropped.jpeg,170,362,228,335,271,270,289,207,253,178,226,190,226,123,231,127,236,152,188,184,184,107,182,58,181,14,154,194,148,125,147,76,148,35,119,217,115,164,115,127,117,92,f
hand2_f_right_seg_4_cropped.jpeg,172,360,228,334,269,269,288,205,251,177,221,189,226,122,234,127,241,152,186,184,185,107,184,59,183,15,154,194,149,126,149,79,150,38,121,217,117,166,115,130,115,95,f
hand2_f_dif_seg_1_cropped.jpeg,160,360,225,332,271,266,290,197,255,160,239,192,247,125,246,131,242,155,200,183,208,105,211,57,214,16,165,188,169,118,175,71,181,32,127,205,129,152,131,116,135,81,f
hand2_f_right_seg_5_cropped.jpeg,172,359,229,333,270,269,287,205,251,176,223,188,229,122,233,131,236,158,188,183,187,107,185,60,183,15,156,194,150,126,150,79,150,37,121,217,118,166,118,130,118,95,f
hand2_f_right_seg_2_cropped.jpeg,176,360,229,331,270,265,291,206,259,177,222,188,220,121,231,122,241,145,185,184,181,107,179,59,177,15,152,195,147,126,144,77,143,36,117,219,114,166,112,129,113,93,f
hand1_f_bot_seg_1_cropped.jpeg,164,370,224,341,264,276,281,218,248,191,217,194,223,133,225,157,219,190,184,188,186,109,185,60,180,16,154,198,152,125,151,76,149,33,124,220,123,161,123,124,123,89,f
hand5_f_bot_seg_1_cropped.jpeg,176,335,234,297,268,237,283,175,264,129,225,167,231,109,235,111,237,133,191,161,191,90,190,50,189,15,162,168,160,105,159,65,157,31,131,184,132,134,132,101,133,71,f
hand1_f_left_seg_1_cropped.jpeg,177,348,229,326,270,267,277,210,242,180,229,188,234,131,232,151,226,178,196,180,198,104,199,57,199,13,167,187,163,119,164,73,165,32,136,207,136,150,138,113,140,79,f
hand2_e_dif_seg_3_cropped.jpeg,186,331,267,298,297,207,248,140,183,148,261,120,255,36,262,62,262,107,204,119,192,30,211,64,219,110,157,131,136,42,163,68,176,117,107,157,100,91,123,99,137,135,e
hand1_e_top_seg_4_cropped.jpeg,175,243,232,214,269,169,254,145,199,151,217,85,231,40,251,74,246,113,173,86,170,15,203,54,211,103,134,98,117,29,160,66,174,111,94,126,94,71,130,92,146,128,e
hand5_e_bot_seg_2_cropped.jpeg,161,224,213,210,255,174,253,166,222,177,239,75,252,14,249,64,237,117,185,76,189,11,202,82,205,141,133,85,133,31,156,93,166,148,82,103,82,48,109,86,125,130,e
hand1_e_bot_seg_5_cropped.jpeg,239,152,207,128,172,108,150,103,139,104,131,86,112,83,122,115,130,142,153,94,150,78,163,108,165,126,180,113,183,106,200,124,205,128,209,136,212,136,224,144,230,142,e
hand2_e_left_seg_1_cropped.jpeg,162,329,246,309,301,220,268,147,198,141,274,127,279,39,273,55,269,107,217,119,216,24,210,69,216,123,168,124,159,34,160,67,170,122,116,142,107,81,117,94,132,134,e
hand1_e_right_seg_1_cropped.jpeg,162,222,202,211,243,182,233,172,199,164,248,78,252,35,256,73,249,121,187,70,188,18,199,84,203,133,133,78,137,47,154,114,160,152,87,106,97,92,116,137,125,165,e
hand1_e_top_seg_2_cropped.jpeg,177,265,233,246,256,209,224,183,164,173,230,99,234,30,234,70,232,124,180,101,171,23,180,80,187,124,133,111,117,37,131,87,145,134,88,135,80,88,94,119,112,157,e
hand1_e_top_seg_5_cropped.jpeg,163,250,225,219,260,180,244,153,187,158,217,91,230,34,248,69,246,112,171,91,172,16,201,62,206,114,131,102,116,32,155,71,167,115,89,133,89,75,120,95,134,131,e
hand5_e_bot_seg_4_cropped.jpeg,143,197,191,191,239,165,261,157,262,170,223,60,245,7,262,56,261,102,178,63,194,20,224,86,230,134,133,76,147,42,183,100,191,144,89,97,107,65,143,102,156,138,e
hand2_e_top_seg_1_cropped.jpeg,171,314,253,282,306,199,286,128,230,112,249,120,248,34,252,46,255,90,195,116,187,21,192,53,199,106,146,127,132,34,143,65,156,120,96,152,88,80,102,92,116,135,e
hand1_e_left_seg_2_cropped.jpeg,146,207,204,199,244,176,231,161,186,154,225,81,237,28,241,67,236,112,177,77,176,14,186,65,191,109,135,86,124,29,141,81,153,123,95,109,93,77,109,112,121,146,e
hand4_e_bot_seg_4_cropped.jpeg,268,26,247,48,236,78,233,100,229,117,280,96,270,127,251,136,236,137,297,87,291,118,274,128,259,128,307,77,303,104,289,114,276,115,311,65,307,89,296,97,286,99,e
hand2_e_right_seg_5_cropped.jpeg,171,309,251,288,298,198,274,127,216,121,247,121,246,43,257,32,264,63,197,118,185,30,202,39,215,82,152,126,135,41,152,52,167,99,99,146,91,84,107,83,123,118,e
hand1_e_dif_seg_1_cropped.jpeg,219,323,271,298,294,221,269,169,220,156,239,130,251,24,251,57,253,113,185,134,178,19,182,66,192,124,136,152,127,46,136,86,150,138,90,186,88,110,93,130,104,172,e
hand5_e_dif_seg_1_cropped.jpeg,179,284,259,232,297,158,244,109,177,141,235,93,225,14,216,41,216,86,186,101,168,21,172,61,185,107,144,115,123,40,138,75,154,122,101,136,87,76,107,92,126,128,e
hand2_e_bot_seg_1_cropped.jpeg,182,335,269,296,301,187,255,116,185,121,255,122,255,38,269,37,279,78,204,120,189,30,206,36,219,86,159,132,140,42,158,42,173,91,110,154,101,88,119,83,137,117,e
hand2_e_right_seg_4_cropped.jpeg,160,138,172,126,181,95,191,93,197,97,182,56,170,33,176,73,181,93,172,54,169,19,178,76,186,105,163,62,158,38,165,87,170,113,150,79,146,74,144,112,144,131,e
hand2_e_right_seg_3_cropped.jpeg,130,156,171,142,182,124,181,117,188,109,167,66,174,36,189,55,197,67,140,76,149,51,169,75,183,88,111,100,116,85,142,104,162,111,84,132,90,133,107,141,122,141,e
hand1_e_left_seg_3_cropped.jpeg,189,169,220,171,237,157,236,158,220,150,233,71,245,34,237,66,230,102,190,68,185,12,185,57,189,97,148,77,132,29,138,79,147,121,111,94,97,75,105,110,116,143,e
hand2_e_bot_seg_4_cropped.jpeg,186,328,268,301,300,196,254,132,186,141,249,121,246,37,265,43,274,91,198,120,184,29,204,43,216,100,155,134,133,43,157,53,174,104,108,160,97,96,115,94,131,128,e
hand2_e_bot_seg_3_cropped.jpeg,183,330,269,297,302,186,255,116,184,127,251,118,249,32,269,36,279,81,199,117,185,26,208,38,221,93,155,130,135,38,161,45,176,97,108,153,100,87,122,87,139,124,e
hand2_e_top_seg_5_cropped.jpeg,168,317,254,286,303,197,277,122,216,105,252,116,252,27,246,44,243,91,195,113,185,18,183,50,190,102,147,124,131,32,136,59,148,112,98,147,88,78,98,86,114,125,e
hand2_e_top_seg_2_cropped.jpeg,165,315,251,289,306,205,285,132,228,114,253,126,254,39,255,48,257,89,198,119,192,22,194,52,200,106,148,128,136,32,144,62,156,117,98,150,92,77,105,88,117,130,e
hand5_e_dif_seg_5_cropped.jpeg,180,291,252,239,284,167,224,137,160,149,253,95,242,19,220,47,212,86,199,100,182,18,171,65,179,112,151,111,131,38,130,80,145,130,107,132,91,77,98,101,116,139,e
hand5_e_dif_seg_2_cropped.jpeg,155,291,240,251,282,175,260,117,194,123,240,97,231,14,235,44,240,87,192,97,173,22,183,68,191,114,150,109,134,40,155,82,171,126,112,131,105,75,130,97,152,128,e
hand1_e_dif_seg_5_cropped.jpeg,257,328,164,318,105,255,84,189,71,154,125,163,114,65,107,84,116,132,162,144,158,31,148,61,157,115,202,139,201,34,193,67,199,118,251,146,260,59,248,71,244,105,e
hand1_e_left_seg_1_cropped.jpeg,166,241,226,215,258,182,234,154,183,145,232,89,237,29,242,68,236,114,184,85,174,15,186,70,191,110,141,94,127,31,142,84,152,125,101,123,96,77,111,109,123,142,e
hand2_e_right_seg_1_cropped.jpeg,133,170,183,157,202,126,208,109,217,102,184,84,192,43,204,45,215,48,149,90,150,55,165,63,179,71,115,109,108,81,124,92,143,99,82,135,80,126,93,129,110,132,e
hand1_e_dif_seg_2_cropped.jpeg,206,337,262,313,289,229,256,169,195,156,250,133,265,35,265,61,259,107,201,126,203,16,210,62,214,123,150,134,147,29,163,71,172,126,95,159,101,72,114,92,122,136,e
hand2_e_top_seg_3_cropped.jpeg,175,310,257,282,309,195,292,122,236,106,248,120,248,36,257,40,262,79,196,116,187,20,201,45,210,99,149,128,135,35,153,60,166,113,99,151,90,77,111,84,128,124,e
hand2_e_top_seg_4_cropped.jpeg,163,313,256,288,312,193,294,113,232,103,253,120,253,36,256,38,259,80,199,117,190,22,193,39,199,92,152,125,138,32,146,46,157,101,102,142,92,73,102,74,118,112,e
hand2_e_bot_seg_2_cropped.jpeg,200,139,230,131,251,99,269,93,264,111,194,34,185,22,192,64,196,109,168,36,175,8,184,55,191,96,152,56,164,26,173,74,175,112,140,89,152,72,163,103,173,131,e
hand2_e_bot_seg_5_cropped.jpeg,185,331,265,293,297,191,248,128,181,135,262,117,263,35,265,45,267,90,207,116,196,33,201,50,212,97,161,130,143,46,153,53,167,96,112,154,102,94,114,91,129,118,e
hand1_e_dif_seg_3_cropped.jpeg,189,335,256,314,293,227,260,162,195,152,253,130,262,33,264,65,261,115,204,125,205,19,212,64,218,118,153,133,151,31,163,70,172,122,98,155,103,75,117,92,126,132,e
hand1_e_dif_seg_4_cropped.jpeg,266,328,166,332,98,287,80,221,77,177,109,203,90,117,80,118,91,151,147,172,127,73,114,85,126,131,187,157,162,67,144,81,153,123,236,154,221,84,201,86,198,115,e
hand5_e_dif_seg_3_cropped.jpeg,200,284,265,233,298,155,258,116,209,147,217,88,207,6,232,37,241,81,178,99,161,17,197,62,209,109,143,117,128,40,168,80,182,125,107,146,105,76,142,96,160,132,e
hand5_e_dif_seg_4_cropped.jpeg,172,286,248,244,285,169,224,133,162,150,253,97,243,16,219,47,211,90,199,101,182,20,169,67,179,115,151,111,133,38,132,81,147,131,109,129,94,75,101,101,118,141,e
hand2_e_left_seg_3_cropped.jpeg,162,327,246,312,301,219,272,142,204,136,273,129,276,44,270,50,267,93,217,120,214,26,208,62,212,115,170,124,158,34,159,61,168,115,118,140,107,79,117,89,131,128,e
hand2_e_left_seg_4_cropped.jpeg,159,323,242,305,297,220,264,149,195,140,274,125,281,37,270,56,265,107,218,118,216,24,206,67,211,117,169,123,159,33,157,66,168,117,116,140,110,77,116,86,132,120,e
hand1_e_bot_seg_1_cropped.jpeg,170,198,211,192,239,170,237,169,213,173,234,68,253,37,253,85,250,123,184,69,187,12,192,69,197,114,136,80,128,32,141,87,153,130,97,101,94,85,107,124,119,153,e
hand1_e_right_seg_4_cropped.jpeg,155,205,192,196,237,172,231,174,194,187,240,52,248,42,247,93,243,124,182,45,189,28,197,96,198,124,129,57,139,59,152,124,152,142,86,86,103,116,116,156,118,159,e
hand1_e_right_seg_3_cropped.jpeg,140,207,186,201,233,183,228,180,198,186,245,64,256,33,254,78,250,117,185,53,189,19,193,87,197,122,131,63,135,56,148,119,156,144,84,90,93,104,109,144,122,155,e
hand2_e_dif_seg_1_cropped.jpeg,180,163,230,151,268,112,280,100,267,101,237,63,243,21,244,54,246,95,187,65,177,12,195,62,206,104,143,75,133,30,153,80,165,120,101,96,92,75,105,106,116,136,e
hand2_e_left_seg_5_cropped.jpeg,172,317,255,304,305,211,281,138,212,138,260,127,261,42,283,48,290,90,210,119,206,28,229,55,235,104,164,125,154,33,180,58,188,110,113,142,110,76,134,88,146,131,e
hand2_e_left_seg_2_cropped.jpeg,174,319,257,302,303,207,278,133,209,139,257,121,259,38,281,47,287,89,207,114,204,26,228,60,234,108,162,123,152,34,179,61,186,111,111,142,107,79,133,92,144,132,e
hand1_e_top_seg_1_cropped.jpeg,165,260,227,234,259,198,233,172,170,173,222,87,230,32,244,77,246,125,174,89,166,20,187,80,197,125,130,103,112,39,138,91,154,135,88,135,82,88,103,118,119,155,e
hand1_e_right_seg_2_cropped.jpeg,151,190,184,186,229,169,233,169,214,171,239,50,251,30,251,84,249,119,183,39,194,26,200,96,201,123,131,51,143,70,152,129,152,142,89,80,106,119,116,155,117,154,e
hand1_e_right_seg_5_cropped.jpeg,159,185,190,180,231,164,228,163,203,163,238,50,249,31,249,79,246,115,181,40,190,23,199,86,202,119,130,52,141,63,151,123,153,145,89,82,105,118,115,157,118,163,e
hand4_d_bot_seg_2_cropped.jpeg,171,379,241,349,285,308,276,253,217,244,250,194,261,113,263,59,261,19,197,196,188,130,187,196,192,233,151,207,139,146,145,203,154,249,112,235,101,186,112,220,126,258,d
hand4_d_bot_seg_5_cropped.jpeg,188,380,252,340,288,297,276,243,217,240,245,189,247,109,243,60,236,22,194,194,180,127,183,191,188,222,149,207,134,146,142,201,153,245,114,238,99,184,109,217,127,255,d
hand3_d_dif_seg_3_cropped.jpeg,173,379,243,342,278,289,271,227,215,225,249,190,252,108,252,57,247,19,205,192,207,123,214,181,216,213,163,199,158,129,173,179,178,221,121,225,119,161,139,185,148,224,d
hand2_d_right_seg_3_cropped.jpeg,169,360,240,329,278,264,269,199,217,196,232,186,229,104,227,54,220,16,191,185,186,109,201,143,211,176,155,196,143,122,164,149,174,190,116,221,107,158,128,167,141,200,d
hand3_d_dif_seg_4_cropped.jpeg,176,372,245,341,283,284,281,218,229,220,243,188,242,106,244,57,240,19,203,187,205,120,221,171,224,206,166,196,160,125,184,171,189,214,126,219,126,153,151,176,160,214,d
hand2_d_right_seg_4_cropped.jpeg,172,357,240,331,279,263,264,201,210,199,234,183,231,102,228,52,223,15,191,184,186,110,197,144,206,178,154,196,143,125,158,151,170,192,115,220,107,163,123,171,137,203,d
hand2_d_bot_seg_1_cropped.jpeg,199,358,251,322,279,252,255,196,203,192,231,170,212,97,197,52,181,16,191,177,178,106,197,149,209,186,157,193,141,129,165,169,177,212,122,218,106,165,128,183,144,216,d
hand1_d_left_seg_1_cropped.jpeg,171,339,235,303,277,239,261,173,207,168,242,168,239,94,235,52,230,16,200,165,192,94,195,130,202,162,163,171,152,102,158,138,167,180,126,189,117,132,126,148,137,185,d
hand5_d_dif_seg_1_cropped.jpeg,207,308,250,266,264,203,220,161,174,159,245,143,231,79,216,43,204,12,204,147,188,92,189,126,196,157,169,159,154,112,160,139,169,172,138,179,120,136,127,143,141,166,d
hand4_d_bot_seg_4_cropped.jpeg,179,375,243,337,286,292,286,233,234,237,233,189,229,110,224,59,213,20,188,197,175,133,193,196,202,232,147,214,127,152,151,208,168,253,112,247,98,198,120,232,137,267,d
hand4_d_bot_seg_3_cropped.jpeg,180,384,246,345,287,301,278,244,219,240,242,192,243,113,239,61,231,21,192,198,179,132,185,197,192,232,148,212,132,151,145,209,158,254,111,245,99,191,113,225,129,263,d
hand1_d_dif_seg_1_cropped.jpeg,205,351,246,333,269,277,252,230,212,202,235,184,243,105,244,60,239,23,193,181,191,95,189,133,190,176,153,192,153,122,154,159,160,199,117,216,117,157,125,175,137,209,d
hand2_d_top_seg_1_cropped.jpeg,194,358,249,329,281,258,270,200,231,190,237,180,234,102,229,55,224,17,198,182,196,112,208,141,216,180,163,196,150,127,167,144,179,182,125,218,109,164,126,166,143,192,d
hand2_d_right_seg_5_cropped.jpeg,173,358,240,333,279,265,264,203,212,200,235,184,231,103,229,54,223,17,192,185,186,111,199,143,210,177,155,197,144,127,160,151,173,191,116,221,106,163,123,169,139,199,d
hand3_d_dif_seg_5_cropped.jpeg,181,376,247,340,281,283,263,222,207,217,250,186,248,104,245,53,239,17,205,187,204,119,209,171,211,202,165,195,155,126,168,169,173,210,123,220,116,159,134,179,145,215,d
hand2_d_right_seg_2_cropped.jpeg,172,355,239,332,281,261,270,198,219,200,231,184,229,102,228,52,222,14,190,184,187,111,204,142,213,180,154,197,145,126,168,150,179,191,115,220,107,160,129,166,144,198,d
hand3_d_dif_seg_2_cropped.jpeg,177,368,238,351,274,301,254,252,200,232,263,195,272,112,274,59,273,20,213,194,213,131,206,183,204,215,166,200,163,135,163,182,166,225,122,220,121,163,130,187,138,226,d
hand5_d_bot_seg_3_cropped.jpeg,213,330,257,301,273,234,273,171,270,118,223,178,222,113,215,105,213,116,180,178,185,102,181,107,182,138,141,189,141,123,142,123,145,143,103,213,100,158,102,145,105,151,d
hand5_d_bot_seg_4_cropped.jpeg,184,335,246,297,287,244,277,190,236,168,241,167,256,92,260,52,259,17,202,159,209,86,217,128,219,166,163,163,168,92,177,129,180,169,122,180,127,114,139,124,146,153,d
hand1_d_top_seg_2_cropped.jpeg,184,347,244,319,274,253,250,192,198,176,239,175,237,99,227,55,219,18,197,171,186,90,188,119,199,157,157,178,148,107,155,133,167,172,118,198,111,140,121,145,135,172,d
hand1_d_top_seg_5_cropped.jpeg,174,355,236,333,276,261,249,197,199,174,245,184,242,106,231,57,225,17,201,177,188,100,180,122,185,160,162,183,149,118,145,136,153,173,124,199,115,147,119,147,130,170,d
hand1_d_bot_seg_3_cropped.jpeg,183,368,244,347,280,290,262,237,205,223,232,188,220,109,208,62,197,21,189,193,173,119,176,168,185,206,150,206,134,141,142,190,156,236,114,230,97,173,111,200,130,239,d
hand1_d_bot_seg_4_cropped.jpeg,183,369,243,345,284,277,273,223,219,209,228,184,217,105,205,61,193,20,188,187,180,107,193,153,203,192,150,201,141,133,156,178,169,221,111,225,105,166,119,188,131,224,d
hand2_d_dif_seg_2_cropped.jpeg,186,363,245,328,279,264,263,206,212,195,243,177,237,101,230,55,221,17,200,179,191,107,197,147,204,182,162,192,149,126,161,160,169,201,124,217,110,159,125,174,138,207,d
hand2_d_dif_seg_5_cropped.jpeg,190,359,247,326,279,256,256,200,208,186,245,176,242,100,236,54,230,15,202,177,192,104,197,134,204,171,164,191,150,124,161,150,170,190,126,214,112,156,126,167,137,199,d
hand2_d_left_seg_2_cropped.jpeg,197,368,255,325,277,260,261,201,211,210,232,179,229,104,228,56,224,21,191,184,182,116,196,158,205,187,156,202,138,139,158,173,169,209,121,236,102,184,124,201,141,232,d
hand2_d_left_seg_5_cropped.jpeg,200,375,256,326,282,263,256,206,203,209,241,177,235,100,230,55,223,19,195,183,181,117,189,166,198,194,158,200,138,138,151,178,163,214,123,235,104,183,118,200,135,231,d
hand1_d_right_seg_1_cropped.jpeg,171,252,209,243,240,213,234,202,210,206,214,142,218,77,219,50,216,18,175,152,178,110,190,172,190,198,141,175,139,146,157,204,157,224,110,205,112,194,129,235,130,249,d
hand1_d_bot_seg_5_cropped.jpeg,177,365,238,347,283,281,273,223,220,208,229,185,219,110,209,61,200,20,188,188,178,108,187,151,197,193,149,200,139,133,153,177,167,223,108,222,100,164,118,189,134,227,d
hand1_d_bot_seg_2_cropped.jpeg,180,372,240,351,280,291,262,238,208,220,234,189,223,110,212,65,201,23,190,190,175,116,176,160,185,198,151,203,135,137,142,185,156,231,115,226,98,170,110,197,128,235,d
hand5_d_bot_seg_5_cropped.jpeg,216,325,255,290,278,241,259,199,222,170,220,180,243,97,250,57,247,26,178,178,181,88,193,127,193,176,138,187,135,100,151,133,154,174,101,212,97,137,108,147,117,180,d
hand5_d_bot_seg_2_cropped.jpeg,194,334,251,294,283,239,282,184,251,163,224,163,226,93,234,56,232,25,191,160,191,85,216,128,222,169,156,166,156,95,183,135,189,174,120,187,120,117,144,130,155,164,d
hand1_d_top_seg_4_cropped.jpeg,187,357,246,330,274,260,248,200,198,175,239,181,239,104,229,60,220,22,197,176,189,96,183,119,190,156,156,184,149,115,146,136,153,174,118,203,112,146,116,146,127,169,d
hand1_d_top_seg_3_cropped.jpeg,181,359,243,335,275,262,249,200,200,172,241,185,240,108,230,60,221,20,199,178,196,95,187,115,191,155,158,184,154,113,147,133,154,174,118,202,116,145,121,145,133,170,d
hand2_d_dif_seg_4_cropped.jpeg,191,358,250,327,281,254,256,198,206,187,244,175,236,99,225,54,216,16,201,177,189,103,193,131,202,169,163,191,148,123,158,147,168,188,126,214,110,156,122,164,136,196,d
hand2_d_dif_seg_3_cropped.jpeg,190,360,248,329,279,257,254,200,206,186,245,175,239,100,230,55,223,17,202,176,190,104,196,134,204,171,164,190,150,122,160,148,170,190,126,213,112,157,124,166,137,197,d
hand2_d_left_seg_4_cropped.jpeg,202,367,257,329,284,260,261,205,211,209,237,179,230,104,227,57,221,20,193,185,181,115,194,150,205,182,158,203,139,139,156,167,169,204,123,235,103,184,121,195,138,226,d
hand2_d_left_seg_3_cropped.jpeg,199,363,254,322,279,255,267,194,221,208,226,173,216,101,214,54,206,20,186,181,181,111,209,158,218,189,154,201,139,139,170,176,180,211,120,237,104,184,133,202,148,231,d
hand1_d_top_seg_1_cropped.jpeg,206,338,254,304,273,243,245,203,199,183,232,166,233,93,228,54,220,22,193,166,183,89,188,121,199,158,154,178,143,108,152,137,167,175,117,203,109,144,118,148,135,173,d
hand1_d_right_seg_5_cropped.jpeg,173,278,221,255,254,222,229,209,186,213,227,156,230,84,228,50,222,16,183,163,182,122,189,183,191,210,147,182,142,150,156,206,161,225,115,210,111,195,126,233,131,244,d
hand1_d_right_seg_2_cropped.jpeg,175,271,219,254,252,218,235,204,200,211,221,151,222,76,219,44,214,12,179,161,184,113,195,176,194,207,143,181,140,144,158,200,160,223,112,211,112,192,128,230,130,245,d
hand2_d_left_seg_1_cropped.jpeg,198,368,256,324,278,260,262,202,212,210,233,179,230,104,229,58,224,22,191,184,183,117,199,162,207,191,156,202,138,138,160,173,172,209,122,236,103,185,125,202,143,232,d
hand2_d_dif_seg_1_cropped.jpeg,186,363,243,332,276,268,256,213,210,194,247,180,244,104,237,57,231,20,204,180,197,109,196,147,202,182,165,192,155,124,161,158,167,199,127,215,115,157,124,172,135,205,d
hand5_d_bot_seg_1_cropped.jpeg,202,334,254,297,286,242,279,190,245,166,227,171,241,95,251,55,249,22,188,165,195,85,213,123,214,167,148,171,148,91,167,122,171,161,110,192,110,118,127,128,132,162,d
hand1_d_bot_seg_1_cropped.jpeg,180,369,241,352,280,293,268,239,214,222,232,191,221,112,208,66,197,24,189,193,175,120,176,166,185,206,149,205,134,143,142,191,156,235,111,226,96,172,110,201,128,239,d
hand1_d_right_seg_3_cropped.jpeg,174,264,212,249,243,212,228,203,197,211,213,146,218,78,218,50,215,17,174,159,181,112,193,178,192,207,139,181,139,147,157,204,159,221,108,210,111,194,129,235,131,247,d
hand1_d_right_seg_4_cropped.jpeg,178,367,239,318,278,260,249,210,198,210,235,184,234,106,234,62,227,21,191,186,185,127,196,183,200,210,152,201,142,151,157,203,166,227,118,236,109,197,129,225,137,245,d
hand5_d_dif_seg_3_cropped.jpeg,186,313,236,279,260,217,217,171,171,169,253,154,256,86,252,48,249,15,208,151,198,97,196,130,200,162,170,159,160,111,163,137,168,169,136,176,125,132,132,140,142,165,d
hand5_d_dif_seg_4_cropped.jpeg,197,309,247,268,270,208,233,156,185,156,249,151,244,83,238,45,231,15,204,150,194,92,201,126,208,156,169,158,158,106,170,134,177,168,134,176,121,131,134,136,146,159,d
hand1_d_left_seg_3_cropped.jpeg,173,338,234,302,276,232,257,168,206,159,245,166,246,94,242,53,238,17,203,162,197,90,196,121,200,157,166,169,156,102,160,135,167,177,129,187,121,132,128,146,137,181,d
hand1_d_left_seg_4_cropped.jpeg,172,337,234,301,277,231,257,168,206,159,246,166,246,93,241,52,236,16,204,163,198,92,197,123,201,159,166,169,156,103,159,135,166,178,128,186,120,133,127,146,137,180,d
hand1_d_dif_seg_3_cropped.jpeg,203,346,247,325,269,266,249,220,209,194,237,175,242,95,234,54,222,20,194,175,192,94,191,130,194,172,154,188,150,117,153,148,160,187,117,212,116,152,123,166,134,197,d
hand4_d_bot_seg_1_cropped.jpeg,161,271,206,267,237,251,246,246,241,244,227,163,236,87,233,45,228,11,177,167,165,131,169,191,182,237,133,183,118,160,130,218,147,261,99,206,83,191,94,233,111,265,d
hand1_d_dif_seg_4_cropped.jpeg,210,339,250,321,268,269,247,228,210,200,234,177,239,93,233,50,222,20,189,180,179,97,181,136,187,185,148,196,139,124,144,156,153,197,113,225,110,164,118,181,129,215,d
hand2_d_bot_seg_2_cropped.jpeg,192,360,250,320,280,251,254,193,202,193,236,171,221,97,209,51,196,14,194,176,186,107,202,150,212,186,159,190,146,125,169,166,181,210,122,216,111,161,133,179,148,212,d
hand2_d_bot_seg_5_cropped.jpeg,192,361,246,324,275,257,243,204,191,196,243,174,234,101,225,54,216,17,200,177,193,107,201,151,209,187,163,190,154,128,167,167,176,209,126,215,113,162,130,179,143,211,d
hand2_d_top_seg_3_cropped.jpeg,184,355,239,331,274,263,257,207,212,191,246,179,247,103,245,55,243,18,206,178,206,108,206,135,209,175,168,190,162,123,167,137,173,176,130,210,118,156,128,157,141,181,d
hand2_d_top_seg_4_cropped.jpeg,195,350,250,322,281,252,267,195,228,177,240,181,235,102,229,53,223,16,201,182,193,111,202,127,213,163,165,195,150,126,162,135,174,170,128,216,111,164,122,162,137,184,d
hand1_d_dif_seg_5_cropped.jpeg,198,353,248,323,274,262,247,211,203,181,246,173,249,95,239,52,227,17,205,170,203,90,196,119,199,156,166,181,160,109,155,137,161,173,129,205,125,149,126,156,133,179,d
hand1_d_dif_seg_2_cropped.jpeg,195,331,241,311,261,256,233,215,192,190,238,169,243,94,236,54,227,19,198,168,200,92,198,124,204,161,158,178,156,111,159,141,167,179,119,200,117,143,125,159,136,191,d
hand5_d_dif_seg_5_cropped.jpeg,205,312,254,269,272,202,230,156,182,157,247,149,235,82,223,45,212,13,205,151,188,92,195,118,205,151,170,163,153,112,166,134,177,168,137,183,116,138,128,140,143,159,d
hand5_d_dif_seg_2_cropped.jpeg,189,312,240,275,266,215,230,164,183,157,253,152,256,84,252,46,247,15,209,150,200,94,201,127,204,157,170,158,161,106,167,132,170,164,134,176,123,130,134,137,142,162,d
hand1_d_left_seg_5_cropped.jpeg,173,338,233,301,277,232,257,168,205,157,246,165,244,94,239,53,235,17,205,163,198,91,198,117,204,150,167,170,157,104,159,134,167,177,129,186,123,134,128,149,137,183,d
hand1_d_left_seg_2_cropped.jpeg,174,339,237,304,278,236,260,170,208,162,245,169,242,96,236,53,231,18,202,166,195,90,198,127,205,162,164,171,154,102,159,139,167,182,126,188,117,131,126,147,137,182,d
hand2_d_right_seg_1_cropped.jpeg,174,355,241,333,282,263,271,198,219,203,233,183,231,102,230,52,225,14,192,183,187,111,204,145,215,181,156,196,145,125,168,152,180,194,117,220,108,160,130,168,145,200,d
hand3_d_dif_seg_1_cropped.jpeg,177,367,235,351,269,301,250,255,198,232,258,197,268,112,268,62,268,21,208,197,210,128,202,178,201,217,160,206,159,139,156,184,161,229,115,226,118,171,123,196,132,235,d
hand2_d_top_seg_5_cropped.jpeg,189,352,243,326,276,256,262,199,219,185,242,181,240,104,237,55,233,18,203,180,198,108,204,128,212,167,167,192,154,122,164,133,174,171,129,213,112,159,124,158,138,183,d
hand2_d_top_seg_2_cropped.jpeg,192,356,247,329,281,257,269,199,228,193,238,179,235,101,232,54,226,16,198,180,198,108,208,140,214,180,162,194,152,126,167,145,179,183,124,218,109,164,127,165,143,189,d
hand2_d_bot_seg_4_cropped.jpeg,191,363,247,321,279,256,252,201,201,194,241,174,231,100,220,53,210,15,199,177,191,107,203,150,212,185,163,191,152,127,169,167,180,209,126,216,113,162,132,179,147,212,d
hand2_d_bot_seg_3_cropped.jpeg,187,361,242,327,275,254,254,195,202,197,231,176,222,101,214,55,204,16,191,178,186,107,205,147,213,185,157,191,147,127,172,166,180,209,120,213,110,159,133,176,146,210,d
